00, 13-04-2015 11:35:27, Hardware monitoring log v1.4 
01, 13-04-2015 11:35:27, MSI R7950 series,Intel(R) HD Graphics 4600
02, 13-04-2015 11:35:27, GPU1 temperature    ,GPU1 usage          ,GPU2 usage          ,GPU2 VID usage      ,GPU1 fan speed      ,GPU1 core clock     ,GPU1 memory clock   ,GPU1 memory usage   ,GPU2 memory usage   ,Framerate           ,Frametime           ,CPU1 temperature    ,CPU2 temperature    ,CPU3 temperature    ,CPU4 temperature    ,CPU1 usage          ,CPU2 usage          ,CPU3 usage          ,CPU4 usage          ,RAM usage           ,Pagefile usage      
03, 13-04-2015 11:35:27, 0                   ,°C                  ,0.000               ,100.000             ,10                  
03, 13-04-2015 11:35:27, 1                   ,%                   ,0.000               ,100.000             ,10                  
03, 13-04-2015 11:35:27, 2                   ,%                   ,0.000               ,100.000             ,10                  
03, 13-04-2015 11:35:27, 3                   ,%                   ,0.000               ,100.000             ,10                  
03, 13-04-2015 11:35:27, 4                   ,%                   ,0.000               ,100.000             ,10                  
03, 13-04-2015 11:35:27, 5                   ,MHz                 ,0.000               ,1500.000            ,10                  
03, 13-04-2015 11:35:27, 6                   ,MHz                 ,0.000               ,5000.000            ,10                  
03, 13-04-2015 11:35:27, 7                   ,MB                  ,0.000               ,3072.000            ,10                  
03, 13-04-2015 11:35:27, 8                   ,MB                  ,0.000               ,3072.000            ,10                  
03, 13-04-2015 11:35:27, 9                   ,FPS                 ,0.000               ,200.000             ,10                  
03, 13-04-2015 11:35:27, 10                  ,ms                  ,0.000               ,100.000             ,10                  
03, 13-04-2015 11:35:27, 11                  ,°C                  ,0.000               ,100.000             ,10                  
03, 13-04-2015 11:35:27, 12                  ,°C                  ,0.000               ,100.000             ,10                  
03, 13-04-2015 11:35:27, 13                  ,°C                  ,0.000               ,100.000             ,10                  
03, 13-04-2015 11:35:27, 14                  ,°C                  ,0.000               ,100.000             ,10                  
03, 13-04-2015 11:35:27, 15                  ,%                   ,0.000               ,100.000             ,10                  
03, 13-04-2015 11:35:27, 16                  ,%                   ,0.000               ,100.000             ,10                  
03, 13-04-2015 11:35:27, 17                  ,%                   ,0.000               ,100.000             ,10                  
03, 13-04-2015 11:35:27, 18                  ,%                   ,0.000               ,100.000             ,10                  
03, 13-04-2015 11:35:27, 19                  ,MB                  ,0.000               ,8192.000            ,10                  
03, 13-04-2015 11:35:27, 20                  ,MB                  ,0.000               ,8192.000            ,10                  
80, 13-04-2015 11:35:27, 59.000              ,0.000               ,0.000               ,0.000               ,43.000              ,500.999             ,1250.000            ,426.207             ,0.125               ,N/A                 ,N/A                 ,52.000              ,57.000              ,56.000              ,51.000              ,N/A                 ,N/A                 ,N/A                 ,N/A                 ,4812.000            ,5888.000            
80, 13-04-2015 11:35:27, 59.000              ,0.000               ,0.000               ,0.000               ,43.000              ,500.999             ,1250.000            ,426.203             ,0.125               ,N/A                 ,N/A                 ,49.000              ,57.000              ,58.000              ,52.000              ,N/A                 ,N/A                 ,N/A                 ,N/A                 ,4930.000            ,6010.000            
80, 13-04-2015 11:35:27, 59.000              ,0.000               ,0.000               ,0.000               ,43.000              ,500.999             ,1250.000            ,426.203             ,0.125               ,0.000               ,0.000               ,48.000              ,54.000              ,54.000              ,48.000              ,N/A                 ,N/A                 ,N/A                 ,N/A                 ,4936.000            ,6017.000            
80, 13-04-2015 11:35:28, 59.000              ,0.000               ,0.000               ,0.000               ,43.000              ,500.999             ,1250.000            ,426.203             ,0.125               ,0.000               ,0.000               ,47.000              ,50.000              ,51.000              ,49.000              ,N/A                 ,N/A                 ,N/A                 ,N/A                 ,4938.000            ,6021.000            
80, 13-04-2015 11:35:28, 59.000              ,0.000               ,0.000               ,0.000               ,43.000              ,500.999             ,1250.000            ,426.203             ,0.125               ,0.000               ,0.000               ,46.000              ,49.000              ,49.000              ,46.000              ,N/A                 ,N/A                 ,N/A                 ,N/A                 ,4938.000            ,6021.000            
80, 13-04-2015 11:35:28, 60.000              ,0.000               ,0.000               ,0.000               ,43.000              ,500.999             ,1250.000            ,426.203             ,0.125               ,0.000               ,0.000               ,46.000              ,48.000              ,48.000              ,46.000              ,N/A                 ,N/A                 ,N/A                 ,N/A                 ,4937.000            ,6021.000            
80, 13-04-2015 11:35:28, 60.000              ,0.000               ,0.000               ,0.000               ,43.000              ,500.999             ,1250.000            ,426.203             ,0.125               ,0.000               ,0.000               ,46.000              ,48.000              ,50.000              ,47.000              ,N/A                 ,N/A                 ,N/A                 ,N/A                 ,4938.000            ,6022.000            
80, 13-04-2015 11:35:28, 60.000              ,0.000               ,0.000               ,0.000               ,43.000              ,500.999             ,1250.000            ,426.203             ,0.125               ,0.000               ,0.000               ,46.000              ,49.000              ,50.000              ,46.000              ,N/A                 ,N/A                 ,N/A                 ,N/A                 ,4938.000            ,6022.000            
80, 13-04-2015 11:35:28, 60.000              ,0.000               ,0.000               ,0.000               ,43.000              ,500.999             ,1250.000            ,426.203             ,0.125               ,0.000               ,0.000               ,45.000              ,48.000              ,50.000              ,46.000              ,N/A                 ,N/A                 ,N/A                 ,N/A                 ,4938.000            ,6022.000            
80, 13-04-2015 11:35:28, 60.000              ,0.000               ,0.000               ,0.000               ,43.000              ,500.999             ,1250.000            ,426.203             ,0.125               ,0.000               ,0.000               ,45.000              ,49.000              ,50.000              ,46.000              ,N/A                 ,N/A                 ,N/A                 ,N/A                 ,4938.000            ,6022.000            
80, 13-04-2015 11:35:28, 59.000              ,0.000               ,0.000               ,0.000               ,43.000              ,500.999             ,1250.000            ,426.203             ,0.125               ,0.000               ,0.000               ,46.000              ,48.000              ,48.000              ,45.000              ,9.375               ,10.938              ,20.313              ,28.125              ,4938.000            ,6022.000            
80, 13-04-2015 11:35:28, 60.000              ,0.000               ,0.000               ,0.000               ,43.000              ,500.999             ,1250.000            ,426.203             ,0.125               ,0.000               ,0.000               ,45.000              ,48.000              ,49.000              ,46.000              ,9.375               ,10.938              ,20.313              ,28.125              ,4938.000            ,6022.000            
80, 13-04-2015 11:35:28, 60.000              ,0.000               ,0.000               ,0.000               ,43.000              ,500.999             ,1250.000            ,426.203             ,0.125               ,0.000               ,0.000               ,45.000              ,48.000              ,49.000              ,45.000              ,9.375               ,10.938              ,20.313              ,28.125              ,4938.000            ,6022.000            
80, 13-04-2015 11:35:29, 60.000              ,0.000               ,0.000               ,0.000               ,43.000              ,500.999             ,1250.000            ,426.203             ,0.125               ,0.000               ,0.000               ,45.000              ,48.000              ,49.000              ,45.000              ,9.375               ,10.938              ,20.313              ,28.125              ,4938.000            ,6022.000            
80, 13-04-2015 11:35:29, 60.000              ,1.000               ,0.000               ,0.000               ,43.000              ,500.999             ,1250.000            ,426.254             ,0.125               ,4728.100            ,0.423               ,49.000              ,50.000              ,52.000              ,49.000              ,9.375               ,10.938              ,20.313              ,28.125              ,4940.000            ,6025.000            
80, 13-04-2015 11:35:29, 60.000              ,0.000               ,0.000               ,0.000               ,43.000              ,500.999             ,1250.000            ,426.297             ,0.125               ,101.700             ,78.664              ,50.000              ,52.000              ,52.000              ,48.000              ,9.375               ,10.938              ,20.313              ,28.125              ,4938.000            ,6023.000            
80, 13-04-2015 11:35:29, 60.000              ,0.000               ,0.000               ,0.000               ,43.000              ,500.999             ,1250.000            ,426.297             ,0.125               ,101.700             ,0.000               ,55.000              ,55.000              ,50.000              ,49.000              ,9.375               ,10.938              ,20.313              ,28.125              ,4938.000            ,6020.000            
80, 13-04-2015 11:35:29, 60.000              ,0.000               ,0.000               ,0.000               ,43.000              ,500.999             ,1250.000            ,426.297             ,0.125               ,101.700             ,0.000               ,50.000              ,51.000              ,55.000              ,47.000              ,9.375               ,10.938              ,20.313              ,28.125              ,4939.000            ,6020.000            
80, 13-04-2015 11:35:29, 60.000              ,0.000               ,0.000               ,0.000               ,43.000              ,500.999             ,1250.000            ,426.246             ,0.125               ,101.700             ,0.000               ,47.000              ,49.000              ,55.000              ,49.000              ,9.375               ,10.938              ,20.313              ,28.125              ,4939.000            ,6020.000            
80, 13-04-2015 11:35:29, 60.000              ,0.000               ,0.000               ,0.000               ,43.000              ,500.999             ,1250.000            ,426.246             ,0.125               ,101.700             ,0.000               ,46.000              ,53.000              ,57.000              ,48.000              ,9.375               ,10.938              ,20.313              ,28.125              ,4939.000            ,6019.000            
80, 13-04-2015 11:35:29, 60.000              ,1.000               ,0.000               ,0.000               ,43.000              ,500.999             ,1250.000            ,426.246             ,0.125               ,101.700             ,0.000               ,51.000              ,50.000              ,56.000              ,50.000              ,20.313              ,23.438              ,29.688              ,23.438              ,4939.000            ,6020.000            
80, 13-04-2015 11:35:29, 60.000              ,0.000               ,0.000               ,0.000               ,43.000              ,500.999             ,1250.000            ,426.246             ,0.125               ,101.700             ,0.000               ,47.000              ,50.000              ,53.000              ,49.000              ,20.313              ,23.438              ,29.688              ,23.438              ,4936.000            ,6019.000            
80, 13-04-2015 11:35:29, 60.000              ,0.000               ,0.000               ,0.000               ,43.000              ,500.999             ,1250.000            ,426.246             ,0.125               ,101.700             ,0.000               ,48.000              ,56.000              ,52.000              ,47.000              ,20.313              ,23.438              ,29.688              ,23.438              ,4936.000            ,6019.000            
80, 13-04-2015 11:35:30, 60.000              ,0.000               ,0.000               ,0.000               ,43.000              ,500.999             ,1250.000            ,426.246             ,0.125               ,101.700             ,0.000               ,53.000              ,57.000              ,53.000              ,46.000              ,20.313              ,23.438              ,29.688              ,23.438              ,4936.000            ,6020.000            
80, 13-04-2015 11:35:30, 60.000              ,0.000               ,0.000               ,0.000               ,43.000              ,500.999             ,1250.000            ,426.246             ,0.125               ,101.700             ,0.000               ,51.000              ,56.000              ,55.000              ,50.000              ,20.313              ,23.438              ,29.688              ,23.438              ,4938.000            ,6022.000            
80, 13-04-2015 11:35:30, 60.000              ,0.000               ,0.000               ,0.000               ,43.000              ,500.999             ,1250.000            ,426.246             ,0.125               ,101.700             ,0.000               ,51.000              ,55.000              ,58.000              ,51.000              ,20.313              ,23.438              ,29.688              ,23.438              ,4940.000            ,6028.000            
80, 13-04-2015 11:35:30, 60.000              ,0.000               ,0.000               ,0.000               ,43.000              ,500.999             ,1250.000            ,426.246             ,0.125               ,101.700             ,0.000               ,51.000              ,54.000              ,56.000              ,53.000              ,20.313              ,23.438              ,29.688              ,23.438              ,4952.000            ,6037.000            
80, 13-04-2015 11:35:30, 60.000              ,0.000               ,0.000               ,0.000               ,43.000              ,500.999             ,1250.000            ,426.246             ,0.125               ,101.700             ,0.000               ,52.000              ,55.000              ,57.000              ,52.000              ,20.313              ,23.438              ,29.688              ,23.438              ,4953.000            ,6038.000            
80, 13-04-2015 11:35:30, 60.000              ,0.000               ,0.000               ,0.000               ,43.000              ,500.999             ,1250.000            ,426.246             ,0.125               ,101.700             ,0.000               ,48.000              ,55.000              ,56.000              ,51.000              ,20.313              ,23.438              ,29.688              ,23.438              ,4952.000            ,6022.000            
80, 13-04-2015 11:35:30, 60.000              ,0.000               ,0.000               ,0.000               ,43.000              ,500.999             ,1250.000            ,426.246             ,0.125               ,101.700             ,0.000               ,49.000              ,50.000              ,60.000              ,48.000              ,20.313              ,23.438              ,29.688              ,23.438              ,4949.000            ,6022.000            
80, 13-04-2015 11:35:30, 60.000              ,0.000               ,0.000               ,0.000               ,43.000              ,500.999             ,1250.000            ,426.246             ,0.125               ,101.700             ,0.000               ,51.000              ,52.000              ,57.000              ,50.000              ,45.313              ,40.625              ,35.938              ,31.250              ,4949.000            ,6022.000            
80, 13-04-2015 11:35:30, 60.000              ,0.000               ,0.000               ,0.000               ,43.000              ,500.999             ,1250.000            ,426.246             ,0.125               ,101.700             ,0.000               ,48.000              ,57.000              ,53.000              ,50.000              ,45.313              ,40.625              ,35.938              ,31.250              ,4949.000            ,6023.000            
80, 13-04-2015 11:35:30, 60.000              ,0.000               ,0.000               ,0.000               ,43.000              ,500.999             ,1250.000            ,426.246             ,0.125               ,101.700             ,0.000               ,53.000              ,51.000              ,51.000              ,48.000              ,45.313              ,40.625              ,35.938              ,31.250              ,4949.000            ,6023.000            
80, 13-04-2015 11:35:31, 60.000              ,0.000               ,0.000               ,0.000               ,44.000              ,500.999             ,1250.000            ,426.246             ,0.125               ,101.700             ,0.000               ,52.000              ,50.000              ,56.000              ,48.000              ,45.313              ,40.625              ,35.938              ,31.250              ,4949.000            ,6023.000            
80, 13-04-2015 11:35:31, 60.000              ,0.000               ,0.000               ,0.000               ,43.000              ,500.999             ,1250.000            ,426.246             ,0.125               ,0.000               ,0.000               ,48.000              ,50.000              ,57.000              ,49.000              ,45.313              ,40.625              ,35.938              ,31.250              ,4949.000            ,6023.000            
80, 13-04-2015 11:35:31, 60.000              ,0.000               ,0.000               ,0.000               ,43.000              ,500.999             ,1250.000            ,426.246             ,0.125               ,0.000               ,0.000               ,52.000              ,52.000              ,56.000              ,50.000              ,45.313              ,40.625              ,35.938              ,31.250              ,4950.000            ,6023.000            
80, 13-04-2015 11:35:31, 60.000              ,0.000               ,0.000               ,0.000               ,43.000              ,500.999             ,1250.000            ,426.246             ,0.125               ,0.000               ,0.000               ,47.000              ,57.000              ,51.000              ,49.000              ,45.313              ,40.625              ,35.938              ,31.250              ,4944.000            ,6015.000            
80, 13-04-2015 11:35:31, 60.000              ,0.000               ,0.000               ,0.000               ,43.000              ,500.999             ,1250.000            ,426.246             ,0.125               ,0.000               ,0.000               ,47.000              ,51.000              ,57.000              ,48.000              ,45.313              ,40.625              ,35.938              ,31.250              ,4944.000            ,6015.000            
80, 13-04-2015 11:35:31, 60.000              ,0.000               ,0.000               ,0.000               ,43.000              ,500.999             ,1250.000            ,426.246             ,0.125               ,0.000               ,0.000               ,48.000              ,49.000              ,56.000              ,49.000              ,45.313              ,40.625              ,35.938              ,31.250              ,4944.000            ,6015.000            
80, 13-04-2015 11:35:31, 60.000              ,0.000               ,0.000               ,0.000               ,43.000              ,500.999             ,1250.000            ,426.246             ,0.125               ,0.000               ,0.000               ,48.000              ,50.000              ,55.000              ,52.000              ,45.313              ,40.625              ,35.938              ,31.250              ,4944.000            ,6015.000            
80, 13-04-2015 11:35:31, 60.000              ,0.000               ,0.000               ,0.000               ,43.000              ,500.999             ,1250.000            ,426.246             ,0.125               ,0.000               ,0.000               ,49.000              ,56.000              ,55.000              ,47.000              ,29.688              ,25.000              ,28.125              ,28.125              ,4944.000            ,6015.000            
80, 13-04-2015 11:35:31, 60.000              ,0.000               ,0.000               ,0.000               ,43.000              ,500.999             ,1250.000            ,426.246             ,0.125               ,0.000               ,0.000               ,51.000              ,51.000              ,55.000              ,46.000              ,29.688              ,25.000              ,28.125              ,28.125              ,4944.000            ,6015.000            
80, 13-04-2015 11:35:31, 60.000              ,0.000               ,0.000               ,0.000               ,43.000              ,500.999             ,1250.000            ,426.246             ,0.125               ,0.000               ,0.000               ,54.000              ,48.000              ,52.000              ,48.000              ,29.688              ,25.000              ,28.125              ,28.125              ,4944.000            ,6016.000            
80, 13-04-2015 11:35:32, 60.000              ,0.000               ,0.000               ,0.000               ,43.000              ,500.999             ,1250.000            ,426.246             ,0.125               ,0.000               ,0.000               ,47.000              ,50.000              ,58.000              ,51.000              ,29.688              ,25.000              ,28.125              ,28.125              ,4943.000            ,6015.000            
80, 13-04-2015 11:35:32, 60.000              ,0.000               ,0.000               ,0.000               ,43.000              ,500.999             ,1250.000            ,426.246             ,0.125               ,0.000               ,0.000               ,56.000              ,50.000              ,53.000              ,50.000              ,29.688              ,25.000              ,28.125              ,28.125              ,4943.000            ,6014.000            
80, 13-04-2015 11:35:32, 60.000              ,1.000               ,0.000               ,0.000               ,43.000              ,500.999             ,1250.000            ,426.246             ,0.125               ,0.000               ,0.000               ,49.000              ,53.000              ,52.000              ,47.000              ,29.688              ,25.000              ,28.125              ,28.125              ,4942.000            ,6013.000            
80, 13-04-2015 11:35:32, 60.000              ,0.000               ,0.000               ,0.000               ,43.000              ,500.999             ,1250.000            ,426.246             ,0.125               ,0.000               ,0.000               ,48.000              ,50.000              ,54.000              ,51.000              ,29.688              ,25.000              ,28.125              ,28.125              ,4942.000            ,6013.000            
80, 13-04-2015 11:35:32, 60.000              ,0.000               ,0.000               ,0.000               ,43.000              ,500.999             ,1250.000            ,426.246             ,0.125               ,0.000               ,0.000               ,49.000              ,50.000              ,53.000              ,49.000              ,29.688              ,25.000              ,28.125              ,28.125              ,4942.000            ,6013.000            
80, 13-04-2015 11:35:32, 60.000              ,2.000               ,0.000               ,0.000               ,43.000              ,500.999             ,1250.000            ,426.160             ,0.125               ,74.700              ,3309.669            ,51.000              ,53.000              ,56.000              ,46.000              ,29.688              ,25.000              ,28.125              ,28.125              ,4942.000            ,6013.000            
80, 13-04-2015 11:35:32, 60.000              ,0.000               ,0.000               ,0.000               ,43.000              ,500.999             ,1250.000            ,426.160             ,0.125               ,62.900              ,36.814              ,47.000              ,53.000              ,56.000              ,47.000              ,29.688              ,25.000              ,28.125              ,28.125              ,4942.000            ,6013.000            
80, 13-04-2015 11:35:32, 60.000              ,5.000               ,0.000               ,0.000               ,43.000              ,500.999             ,1250.000            ,426.203             ,0.125               ,74.300              ,87.340              ,51.000              ,52.000              ,52.000              ,47.000              ,39.063              ,21.875              ,35.938              ,31.250              ,4942.000            ,6014.000            
80, 13-04-2015 11:35:32, 60.000              ,4.000               ,0.000               ,0.000               ,43.000              ,500.999             ,1250.000            ,426.203             ,0.125               ,87.900              ,15.806              ,47.000              ,50.000              ,49.000              ,47.000              ,39.063              ,21.875              ,35.938              ,31.250              ,4942.000            ,6014.000            
80, 13-04-2015 11:35:32, 60.000              ,5.000               ,0.000               ,0.000               ,43.000              ,500.999             ,1250.000            ,426.203             ,0.125               ,95.200              ,16.797              ,47.000              ,49.000              ,50.000              ,45.000              ,39.063              ,21.875              ,35.938              ,31.250              ,4942.000            ,6014.000            
80, 13-04-2015 11:35:33, 60.000              ,5.000               ,0.000               ,0.000               ,43.000              ,500.999             ,1250.000            ,426.203             ,0.125               ,100.000             ,15.912              ,46.000              ,49.000              ,50.000              ,46.000              ,39.063              ,21.875              ,35.938              ,31.250              ,4942.000            ,6014.000            
80, 13-04-2015 11:35:33, 60.000              ,5.000               ,0.000               ,0.000               ,43.000              ,500.999             ,1250.000            ,426.203             ,0.125               ,103.400             ,16.336              ,46.000              ,48.000              ,50.000              ,46.000              ,39.063              ,21.875              ,35.938              ,31.250              ,4942.000            ,6014.000            
80, 13-04-2015 11:35:33, 60.000              ,5.000               ,0.000               ,0.000               ,43.000              ,500.999             ,1250.000            ,426.203             ,0.125               ,105.400             ,16.464              ,46.000              ,49.000              ,51.000              ,47.000              ,39.063              ,21.875              ,35.938              ,31.250              ,4942.000            ,6014.000            
80, 13-04-2015 11:35:33, 60.000              ,5.000               ,0.000               ,0.000               ,43.000              ,500.999             ,1250.000            ,426.203             ,0.125               ,107.400             ,16.090              ,46.000              ,48.000              ,50.000              ,46.000              ,39.063              ,21.875              ,35.938              ,31.250              ,4941.000            ,6014.000            
80, 13-04-2015 11:35:33, 60.000              ,5.000               ,0.000               ,0.000               ,43.000              ,500.999             ,1250.000            ,426.203             ,0.125               ,108.800             ,15.769              ,45.000              ,47.000              ,50.000              ,46.000              ,39.063              ,21.875              ,35.938              ,31.250              ,4941.000            ,6014.000            
80, 13-04-2015 11:35:33, 60.000              ,6.000               ,0.000               ,0.000               ,43.000              ,500.999             ,1250.000            ,426.203             ,0.125               ,109.400             ,15.434              ,45.000              ,49.000              ,51.000              ,46.000              ,39.063              ,21.875              ,35.938              ,31.250              ,4941.000            ,6014.000            
80, 13-04-2015 11:35:33, 60.000              ,6.000               ,0.000               ,0.000               ,43.000              ,500.999             ,1250.000            ,426.203             ,0.125               ,114.600             ,15.675              ,45.000              ,48.000              ,50.000              ,45.000              ,39.063              ,21.875              ,35.938              ,31.250              ,4941.000            ,6014.000            
80, 13-04-2015 11:35:33, 60.000              ,7.000               ,0.000               ,0.000               ,43.000              ,500.999             ,1250.000            ,426.203             ,0.125               ,121.000             ,16.060              ,47.000              ,49.000              ,50.000              ,46.000              ,9.375               ,6.250               ,9.375               ,7.813               ,4941.000            ,6014.000            
80, 13-04-2015 11:35:33, 60.000              ,6.000               ,0.000               ,0.000               ,43.000              ,500.999             ,1250.000            ,426.203             ,0.125               ,120.900             ,15.908              ,46.000              ,47.000              ,50.000              ,46.000              ,9.375               ,6.250               ,9.375               ,7.813               ,4941.000            ,6014.000            
80, 13-04-2015 11:35:33, 60.000              ,4.000               ,0.000               ,0.000               ,43.000              ,500.999             ,1250.000            ,426.203             ,0.125               ,121.000             ,16.075              ,48.000              ,49.000              ,51.000              ,46.000              ,9.375               ,6.250               ,9.375               ,7.813               ,4941.000            ,6014.000            
80, 13-04-2015 11:35:34, 60.000              ,3.000               ,0.000               ,0.000               ,43.000              ,500.999             ,1250.000            ,426.203             ,0.125               ,120.800             ,16.038              ,48.000              ,48.000              ,50.000              ,46.000              ,9.375               ,6.250               ,9.375               ,7.813               ,4940.000            ,6014.000            
80, 13-04-2015 11:35:34, 60.000              ,1.000               ,0.000               ,0.000               ,43.000              ,500.999             ,1250.000            ,426.203             ,0.125               ,120.800             ,15.974              ,48.000              ,47.000              ,52.000              ,45.000              ,9.375               ,6.250               ,9.375               ,7.813               ,4940.000            ,6014.000            
80, 13-04-2015 11:35:34, 60.000              ,0.000               ,0.000               ,0.000               ,43.000              ,500.999             ,1250.000            ,426.203             ,0.125               ,120.000             ,17.228              ,47.000              ,49.000              ,51.000              ,46.000              ,9.375               ,6.250               ,9.375               ,7.813               ,4940.000            ,6014.000            
80, 13-04-2015 11:35:34, 60.000              ,3.000               ,0.000               ,0.000               ,43.000              ,500.999             ,1250.000            ,426.203             ,0.125               ,120.800             ,16.372              ,46.000              ,47.000              ,51.000              ,46.000              ,9.375               ,6.250               ,9.375               ,7.813               ,4940.000            ,6014.000            
80, 13-04-2015 11:35:34, 60.000              ,4.000               ,0.000               ,0.000               ,43.000              ,500.999             ,1250.000            ,426.203             ,0.125               ,120.900             ,15.949              ,47.000              ,48.000              ,50.000              ,46.000              ,9.375               ,6.250               ,9.375               ,7.813               ,4940.000            ,6014.000            
80, 13-04-2015 11:35:34, 60.000              ,6.000               ,0.000               ,0.000               ,43.000              ,500.999             ,1250.000            ,426.203             ,0.125               ,120.700             ,16.007              ,47.000              ,49.000              ,49.000              ,46.000              ,9.375               ,6.250               ,9.375               ,7.813               ,4940.000            ,6014.000            
80, 13-04-2015 11:35:34, 60.000              ,6.000               ,0.000               ,0.000               ,43.000              ,500.999             ,1250.000            ,426.203             ,0.125               ,120.700             ,15.997              ,46.000              ,48.000              ,50.000              ,46.000              ,9.375               ,6.250               ,9.375               ,7.813               ,4940.000            ,6014.000            
80, 13-04-2015 11:35:34, 60.000              ,6.000               ,0.000               ,0.000               ,43.000              ,500.999             ,1250.000            ,426.203             ,0.125               ,118.800             ,41.362              ,54.000              ,56.000              ,53.000              ,49.000              ,9.375               ,10.938              ,7.813               ,15.625              ,4933.000            ,6006.000            
80, 13-04-2015 11:35:34, 60.000              ,6.000               ,0.000               ,0.000               ,43.000              ,500.999             ,1250.000            ,426.203             ,0.125               ,120.300             ,17.621              ,53.000              ,52.000              ,54.000              ,51.000              ,9.375               ,10.938              ,7.813               ,15.625              ,4931.000            ,6003.000            
80, 13-04-2015 11:35:34, 60.000              ,0.000               ,0.000               ,0.000               ,43.000              ,500.999             ,1250.000            ,426.203             ,0.125               ,120.300             ,15.704              ,50.000              ,54.000              ,54.000              ,49.000              ,9.375               ,10.938              ,7.813               ,15.625              ,4939.000            ,6014.000            
80, 13-04-2015 11:35:35, 60.000              ,0.000               ,0.000               ,0.000               ,43.000              ,500.999             ,1250.000            ,426.203             ,0.125               ,120.300             ,0.000               ,56.000              ,50.000              ,50.000              ,46.000              ,9.375               ,10.938              ,7.813               ,15.625              ,4939.000            ,6014.000            
80, 13-04-2015 11:35:35, 60.000              ,0.000               ,0.000               ,0.000               ,43.000              ,500.999             ,1250.000            ,426.203             ,0.125               ,120.300             ,0.000               ,50.000              ,56.000              ,52.000              ,48.000              ,9.375               ,10.938              ,7.813               ,15.625              ,4939.000            ,6014.000            
80, 13-04-2015 11:35:35, 60.000              ,1.000               ,0.000               ,0.000               ,43.000              ,500.999             ,1250.000            ,426.203             ,0.125               ,120.300             ,0.000               ,50.000              ,49.000              ,54.000              ,51.000              ,9.375               ,10.938              ,7.813               ,15.625              ,4939.000            ,6014.000            
80, 13-04-2015 11:35:35, 60.000              ,0.000               ,0.000               ,0.000               ,43.000              ,500.999             ,1250.000            ,426.203             ,0.125               ,120.300             ,0.000               ,47.000              ,56.000              ,52.000              ,49.000              ,9.375               ,10.938              ,7.813               ,15.625              ,4939.000            ,6014.000            
80, 13-04-2015 11:35:35, 60.000              ,0.000               ,0.000               ,0.000               ,43.000              ,500.999             ,1250.000            ,426.203             ,0.125               ,120.300             ,0.000               ,54.000              ,50.000              ,51.000              ,47.000              ,9.375               ,10.938              ,7.813               ,15.625              ,4939.000            ,6014.000            
80, 13-04-2015 11:35:35, 60.000              ,0.000               ,0.000               ,0.000               ,43.000              ,500.999             ,1250.000            ,426.203             ,0.125               ,120.300             ,0.000               ,56.000              ,51.000              ,51.000              ,47.000              ,9.375               ,10.938              ,7.813               ,15.625              ,4939.000            ,6014.000            
80, 13-04-2015 11:35:35, 60.000              ,0.000               ,0.000               ,0.000               ,43.000              ,500.999             ,1250.000            ,426.203             ,0.125               ,120.300             ,0.000               ,46.000              ,52.000              ,54.000              ,51.000              ,9.375               ,10.938              ,7.813               ,15.625              ,4938.000            ,6014.000            
80, 13-04-2015 11:35:35, 60.000              ,0.000               ,0.000               ,0.000               ,43.000              ,500.999             ,1250.000            ,426.203             ,0.125               ,120.300             ,0.000               ,53.000              ,56.000              ,51.000              ,47.000              ,42.188              ,25.000              ,32.813              ,35.938              ,4938.000            ,6014.000            
80, 13-04-2015 11:35:35, 60.000              ,0.000               ,0.000               ,0.000               ,43.000              ,500.999             ,1250.000            ,426.203             ,0.125               ,120.300             ,0.000               ,46.000              ,58.000              ,51.000              ,48.000              ,42.188              ,25.000              ,32.813              ,35.938              ,4937.000            ,6014.000            
80, 13-04-2015 11:35:35, 60.000              ,0.000               ,0.000               ,0.000               ,43.000              ,500.999             ,1250.000            ,426.203             ,0.125               ,120.300             ,0.000               ,48.000              ,49.000              ,52.000              ,53.000              ,42.188              ,25.000              ,32.813              ,35.938              ,4937.000            ,6014.000            
80, 13-04-2015 11:35:36, 60.000              ,0.000               ,0.000               ,0.000               ,43.000              ,500.999             ,1250.000            ,426.203             ,0.125               ,120.300             ,0.000               ,48.000              ,51.000              ,51.000              ,52.000              ,42.188              ,25.000              ,32.813              ,35.938              ,4937.000            ,6014.000            
80, 13-04-2015 11:35:36, 60.000              ,0.000               ,0.000               ,0.000               ,43.000              ,500.999             ,1250.000            ,426.203             ,0.125               ,120.300             ,0.000               ,47.000              ,55.000              ,54.000              ,49.000              ,42.188              ,25.000              ,32.813              ,35.938              ,4937.000            ,6014.000            
80, 13-04-2015 11:35:36, 60.000              ,0.000               ,0.000               ,0.000               ,43.000              ,500.999             ,1250.000            ,426.203             ,0.125               ,120.300             ,0.000               ,50.000              ,55.000              ,55.000              ,50.000              ,42.188              ,25.000              ,32.813              ,35.938              ,4937.000            ,6014.000            
80, 13-04-2015 11:35:36, 60.000              ,0.000               ,0.000               ,0.000               ,43.000              ,500.999             ,1250.000            ,426.203             ,0.125               ,120.300             ,0.000               ,46.000              ,52.000              ,54.000              ,51.000              ,42.188              ,25.000              ,32.813              ,35.938              ,4937.000            ,6014.000            
80, 13-04-2015 11:35:36, 60.000              ,0.000               ,0.000               ,0.000               ,43.000              ,500.999             ,1250.000            ,426.203             ,0.125               ,120.300             ,0.000               ,47.000              ,52.000              ,53.000              ,49.000              ,42.188              ,25.000              ,32.813              ,35.938              ,4937.000            ,6014.000            
80, 13-04-2015 11:35:36, 60.000              ,0.000               ,0.000               ,0.000               ,43.000              ,500.999             ,1250.000            ,426.203             ,0.125               ,0.000               ,0.000               ,49.000              ,49.000              ,52.000              ,52.000              ,42.188              ,25.000              ,32.813              ,35.938              ,4937.000            ,6014.000            
80, 13-04-2015 11:35:36, 60.000              ,4.000               ,0.000               ,0.000               ,43.000              ,500.999             ,1250.000            ,430.680             ,0.125               ,191.600             ,1685.313            ,48.000              ,49.000              ,54.000              ,47.000              ,42.188              ,25.000              ,32.813              ,35.938              ,4942.000            ,6020.000            
80, 13-04-2015 11:35:36, 60.000              ,6.000               ,0.000               ,0.000               ,43.000              ,500.999             ,1250.000            ,430.680             ,0.125               ,150.000             ,18.197              ,48.000              ,52.000              ,52.000              ,46.000              ,20.313              ,23.438              ,18.750              ,43.750              ,4942.000            ,6020.000            
80, 13-04-2015 11:35:36, 60.000              ,1.000               ,0.000               ,0.000               ,43.000              ,500.999             ,1250.000            ,430.680             ,0.125               ,142.300             ,16.453              ,48.000              ,49.000              ,52.000              ,46.000              ,20.313              ,23.438              ,18.750              ,43.750              ,4942.000            ,6020.000            
80, 13-04-2015 11:35:36, 60.000              ,3.000               ,0.000               ,0.000               ,43.000              ,500.999             ,1250.000            ,430.680             ,0.125               ,136.900             ,17.080              ,47.000              ,48.000              ,52.000              ,46.000              ,20.313              ,23.438              ,18.750              ,43.750              ,4942.000            ,6020.000            
80, 13-04-2015 11:35:37, 60.000              ,3.000               ,0.000               ,0.000               ,43.000              ,500.999             ,1250.000            ,430.680             ,0.125               ,133.500             ,16.540              ,49.000              ,48.000              ,51.000              ,46.000              ,20.313              ,23.438              ,18.750              ,43.750              ,4942.000            ,6020.000            
80, 13-04-2015 11:35:37, 60.000              ,4.000               ,0.000               ,0.000               ,43.000              ,500.999             ,1250.000            ,430.680             ,0.125               ,130.900             ,16.044              ,48.000              ,48.000              ,51.000              ,46.000              ,20.313              ,23.438              ,18.750              ,43.750              ,4942.000            ,6020.000            
80, 13-04-2015 11:35:37, 60.000              ,6.000               ,0.000               ,0.000               ,43.000              ,500.999             ,1250.000            ,430.680             ,0.125               ,129.600             ,16.114              ,46.000              ,49.000              ,52.000              ,46.000              ,20.313              ,23.438              ,18.750              ,43.750              ,4942.000            ,6020.000            
80, 13-04-2015 11:35:37, 60.000              ,6.000               ,0.000               ,0.000               ,43.000              ,500.999             ,1250.000            ,430.680             ,0.125               ,128.500             ,15.901              ,46.000              ,48.000              ,51.000              ,45.000              ,20.313              ,23.438              ,18.750              ,43.750              ,4942.000            ,6020.000            
80, 13-04-2015 11:35:37, 60.000              ,6.000               ,0.000               ,0.000               ,43.000              ,500.999             ,1250.000            ,430.680             ,0.125               ,127.700             ,16.585              ,47.000              ,48.000              ,50.000              ,45.000              ,20.313              ,23.438              ,18.750              ,43.750              ,4942.000            ,6020.000            
80, 13-04-2015 11:35:37, 60.000              ,6.000               ,0.000               ,0.000               ,43.000              ,500.999             ,1250.000            ,430.680             ,0.125               ,126.900             ,16.449              ,47.000              ,48.000              ,51.000              ,46.000              ,20.313              ,23.438              ,18.750              ,43.750              ,4943.000            ,6020.000            
80, 13-04-2015 11:35:37, 60.000              ,6.000               ,0.000               ,0.000               ,43.000              ,500.999             ,1250.000            ,430.680             ,0.125               ,120.700             ,16.402              ,46.000              ,49.000              ,50.000              ,45.000              ,20.313              ,23.438              ,18.750              ,43.750              ,4943.000            ,6020.000            
80, 13-04-2015 11:35:37, 60.000              ,7.000               ,0.000               ,0.000               ,43.000              ,500.999             ,1250.000            ,430.680             ,0.125               ,120.800             ,16.257              ,47.000              ,49.000              ,52.000              ,47.000              ,15.625              ,9.375               ,14.063              ,9.375               ,4943.000            ,6019.000            
80, 13-04-2015 11:35:37, 60.000              ,6.000               ,0.000               ,0.000               ,43.000              ,500.999             ,1250.000            ,430.680             ,0.125               ,120.600             ,16.437              ,45.000              ,48.000              ,51.000              ,45.000              ,15.625              ,9.375               ,14.063              ,9.375               ,4940.000            ,6019.000            
80, 13-04-2015 11:35:37, 60.000              ,6.000               ,0.000               ,0.000               ,43.000              ,500.999             ,1250.000            ,430.680             ,0.125               ,120.600             ,16.322              ,48.000              ,49.000              ,51.000              ,44.000              ,15.625              ,9.375               ,14.063              ,9.375               ,4940.000            ,6020.000            
80, 13-04-2015 11:35:38, 60.000              ,6.000               ,0.000               ,0.000               ,43.000              ,500.999             ,1250.000            ,430.680             ,0.125               ,120.700             ,17.086              ,46.000              ,48.000              ,50.000              ,44.000              ,15.625              ,9.375               ,14.063              ,9.375               ,4940.000            ,6020.000            
80, 13-04-2015 11:35:38, 60.000              ,6.000               ,0.000               ,0.000               ,44.000              ,500.999             ,1250.000            ,430.680             ,0.125               ,120.800             ,16.033              ,47.000              ,48.000              ,51.000              ,45.000              ,15.625              ,9.375               ,14.063              ,9.375               ,4940.000            ,6020.000            
80, 13-04-2015 11:35:38, 60.000              ,6.000               ,0.000               ,0.000               ,43.000              ,500.999             ,1250.000            ,430.680             ,0.125               ,120.600             ,15.875              ,47.000              ,50.000              ,52.000              ,46.000              ,15.625              ,9.375               ,14.063              ,9.375               ,4940.000            ,6020.000            
80, 13-04-2015 11:35:38, 60.000              ,6.000               ,0.000               ,0.000               ,43.000              ,500.999             ,1250.000            ,430.680             ,0.125               ,120.600             ,16.133              ,46.000              ,49.000              ,51.000              ,46.000              ,15.625              ,9.375               ,14.063              ,9.375               ,4940.000            ,6020.000            
80, 13-04-2015 11:35:38, 60.000              ,6.000               ,0.000               ,0.000               ,43.000              ,500.999             ,1250.000            ,430.680             ,0.125               ,120.700             ,15.762              ,45.000              ,48.000              ,50.000              ,46.000              ,15.625              ,9.375               ,14.063              ,9.375               ,4940.000            ,6020.000            
80, 13-04-2015 11:35:38, 60.000              ,6.000               ,0.000               ,0.000               ,43.000              ,500.999             ,1250.000            ,430.680             ,0.125               ,120.700             ,17.658              ,45.000              ,48.000              ,50.000              ,45.000              ,15.625              ,9.375               ,14.063              ,9.375               ,4940.000            ,6020.000            
80, 13-04-2015 11:35:38, 60.000              ,6.000               ,0.000               ,0.000               ,43.000              ,500.999             ,1250.000            ,430.680             ,0.125               ,120.800             ,19.771              ,46.000              ,49.000              ,50.000              ,46.000              ,15.625              ,9.375               ,14.063              ,9.375               ,4940.000            ,6020.000            
80, 13-04-2015 11:35:38, 60.000              ,6.000               ,0.000               ,0.000               ,43.000              ,500.999             ,1250.000            ,430.680             ,0.125               ,120.800             ,19.421              ,46.000              ,49.000              ,51.000              ,45.000              ,10.938              ,14.063              ,9.375               ,12.500              ,4940.000            ,6020.000            
80, 13-04-2015 11:35:38, 60.000              ,7.000               ,0.000               ,0.000               ,43.000              ,500.999             ,1250.000            ,430.680             ,0.125               ,120.800             ,18.220              ,46.000              ,49.000              ,50.000              ,46.000              ,10.938              ,14.063              ,9.375               ,12.500              ,4940.000            ,6020.000            
80, 13-04-2015 11:35:38, 60.000              ,6.000               ,0.000               ,0.000               ,43.000              ,500.999             ,1250.000            ,430.680             ,0.125               ,120.900             ,17.348              ,49.000              ,48.000              ,51.000              ,46.000              ,10.938              ,14.063              ,9.375               ,12.500              ,4940.000            ,6020.000            
80, 13-04-2015 11:35:39, 60.000              ,6.000               ,0.000               ,0.000               ,43.000              ,500.999             ,1250.000            ,430.680             ,0.125               ,120.700             ,16.840              ,47.000              ,51.000              ,50.000              ,46.000              ,10.938              ,14.063              ,9.375               ,12.500              ,4940.000            ,6020.000            
80, 13-04-2015 11:35:39, 60.000              ,6.000               ,0.000               ,0.000               ,43.000              ,500.999             ,1250.000            ,430.680             ,0.125               ,120.600             ,17.035              ,45.000              ,48.000              ,54.000              ,46.000              ,10.938              ,14.063              ,9.375               ,12.500              ,4940.000            ,6020.000            
80, 13-04-2015 11:35:39, 60.000              ,6.000               ,0.000               ,0.000               ,43.000              ,500.999             ,1250.000            ,430.680             ,0.125               ,120.500             ,17.298              ,49.000              ,51.000              ,52.000              ,47.000              ,10.938              ,14.063              ,9.375               ,12.500              ,4940.000            ,6020.000            
80, 13-04-2015 11:35:39, 60.000              ,6.000               ,0.000               ,0.000               ,43.000              ,500.999             ,1250.000            ,430.680             ,0.125               ,120.600             ,17.324              ,48.000              ,48.000              ,51.000              ,46.000              ,10.938              ,14.063              ,9.375               ,12.500              ,4941.000            ,6020.000            
80, 13-04-2015 11:35:39, 60.000              ,4.000               ,0.000               ,0.000               ,43.000              ,500.999             ,1250.000            ,430.680             ,0.125               ,120.600             ,16.094              ,46.000              ,50.000              ,51.000              ,46.000              ,10.938              ,14.063              ,9.375               ,12.500              ,4941.000            ,6020.000            
80, 13-04-2015 11:35:39, 60.000              ,1.000               ,0.000               ,0.000               ,43.000              ,500.999             ,1250.000            ,430.680             ,0.125               ,119.500             ,17.426              ,48.000              ,49.000              ,52.000              ,46.000              ,10.938              ,14.063              ,9.375               ,12.500              ,4941.000            ,6020.000            
80, 13-04-2015 11:35:39, 60.000              ,2.000               ,0.000               ,0.000               ,43.000              ,500.999             ,1250.000            ,430.680             ,0.125               ,120.500             ,16.295              ,47.000              ,50.000              ,51.000              ,46.000              ,10.938              ,14.063              ,9.375               ,12.500              ,4941.000            ,6020.000            
80, 13-04-2015 11:35:39, 60.000              ,4.000               ,0.000               ,0.000               ,43.000              ,500.999             ,1250.000            ,430.680             ,0.125               ,120.600             ,16.334              ,49.000              ,49.000              ,52.000              ,47.000              ,14.063              ,9.375               ,15.625              ,14.063              ,4941.000            ,6020.000            
80, 13-04-2015 11:35:39, 60.000              ,3.000               ,0.000               ,0.000               ,43.000              ,500.999             ,1250.000            ,430.680             ,0.125               ,120.600             ,16.646              ,47.000              ,48.000              ,51.000              ,46.000              ,14.063              ,9.375               ,15.625              ,14.063              ,4941.000            ,6020.000            
80, 13-04-2015 11:35:39, 60.000              ,11.000              ,0.000               ,0.000               ,43.000              ,500.999             ,1250.000            ,430.730             ,0.125               ,120.400             ,16.768              ,46.000              ,47.000              ,52.000              ,46.000              ,14.063              ,9.375               ,15.625              ,14.063              ,4941.000            ,6021.000            
80, 13-04-2015 11:35:40, 60.000              ,0.000               ,0.000               ,0.000               ,43.000              ,500.999             ,1250.000            ,430.730             ,0.125               ,120.400             ,0.000               ,45.000              ,48.000              ,50.000              ,46.000              ,14.063              ,9.375               ,15.625              ,14.063              ,4941.000            ,6022.000            
80, 13-04-2015 11:35:40, 60.000              ,2.000               ,0.000               ,0.000               ,43.000              ,500.999             ,1250.000            ,430.680             ,0.125               ,120.400             ,0.000               ,45.000              ,48.000              ,49.000              ,46.000              ,14.063              ,9.375               ,15.625              ,14.063              ,4942.000            ,6022.000            
80, 13-04-2015 11:35:40, 60.000              ,0.000               ,0.000               ,0.000               ,43.000              ,500.999             ,1250.000            ,430.680             ,0.125               ,120.400             ,0.000               ,47.000              ,50.000              ,53.000              ,46.000              ,14.063              ,9.375               ,15.625              ,14.063              ,4942.000            ,6022.000            
80, 13-04-2015 11:35:40, 60.000              ,1.000               ,0.000               ,0.000               ,43.000              ,500.999             ,1250.000            ,430.680             ,0.125               ,120.400             ,0.000               ,45.000              ,48.000              ,49.000              ,46.000              ,14.063              ,9.375               ,15.625              ,14.063              ,4942.000            ,6022.000            
80, 13-04-2015 11:35:40, 60.000              ,0.000               ,0.000               ,0.000               ,43.000              ,500.999             ,1250.000            ,430.680             ,0.125               ,120.400             ,0.000               ,44.000              ,48.000              ,49.000              ,47.000              ,14.063              ,9.375               ,15.625              ,14.063              ,4942.000            ,6022.000            
80, 13-04-2015 11:35:40, 60.000              ,1.000               ,0.000               ,0.000               ,43.000              ,500.999             ,1250.000            ,430.680             ,0.125               ,120.400             ,0.000               ,45.000              ,48.000              ,49.000              ,46.000              ,14.063              ,9.375               ,15.625              ,14.063              ,4942.000            ,6022.000            
80, 13-04-2015 11:35:40, 60.000              ,0.000               ,0.000               ,0.000               ,43.000              ,500.999             ,1250.000            ,430.680             ,0.125               ,120.400             ,0.000               ,44.000              ,47.000              ,50.000              ,45.000              ,14.063              ,9.375               ,15.625              ,14.063              ,4942.000            ,6022.000            
80, 13-04-2015 11:35:40, 60.000              ,1.000               ,0.000               ,0.000               ,43.000              ,500.999             ,1250.000            ,430.680             ,0.125               ,120.400             ,0.000               ,45.000              ,48.000              ,52.000              ,46.000              ,6.250               ,4.688               ,4.688               ,14.063              ,4942.000            ,6022.000            
80, 13-04-2015 11:35:40, 60.000              ,0.000               ,0.000               ,0.000               ,43.000              ,500.999             ,1250.000            ,430.680             ,0.125               ,120.400             ,0.000               ,46.000              ,48.000              ,49.000              ,46.000              ,6.250               ,4.688               ,4.688               ,14.063              ,4942.000            ,6022.000            
80, 13-04-2015 11:35:40, 60.000              ,0.000               ,0.000               ,0.000               ,43.000              ,500.999             ,1250.000            ,430.680             ,0.125               ,120.400             ,0.000               ,45.000              ,48.000              ,50.000              ,46.000              ,6.250               ,4.688               ,4.688               ,14.063              ,4942.000            ,6022.000            
